feature,rmse,mae,mape,r_squared
intensity,114.47244364846453,58.319365798414495,8.999510886037736,0.9726896119974557
velocity,2.8430705597338806,1.7546243865609679,3.2657774666182546,0.9476616332752322
