feature,rmse,mae,mape,r_squared
intensity,687.6869884008723,462.1849315068493,40.64234770946181,0.8785631183564077
velocity,7.064028927345461,4.409516943042538,7.216451247022844,0.8225290345189242
