feature,rmse,mae,mape,r_squared
intensity,593.7700299651781,385.76911976911975,33.11772937103275,0.8831557103919361
velocity,6.32026448384426,4.2297258297258296,7.20093247153753,0.8253139950161846
