feature,rmse,mae,mape,r_squared
intensity,721.3365363310718,499.3463708160963,35.43424879486059,0.8832440470620606
velocity,6.930916831369039,4.81158330199323,6.771184201419052,0.8167426893612486
