feature,rmse,mae,mape,r_squared
intensity,742.8678351116316,529.5606914693724,37.80290591115785,0.8761181076132796
velocity,6.87872068019678,4.8478015783540025,6.873565718781316,0.8194029677085344
