feature,rmse,mae,mape,r_squared
intensity,649.287932393637,434.39284684165,47.3864569413938,0.860285791936781
velocity,6.14625608005048,3.9270262474762,6.96849743372379,0.835651537494023
