feature,rmse,mae,mape,r_squared
intensity,111.4619729190912,50.45643153526971,8.817312149596697,0.9740883936151169
velocity,2.2309168104535164,1.1784232365145237,2.416352333705882,0.9677665538628809
