feature,rmse,mae,mape,r_squared
intensity,734.4429984767554,517.9308357348704,49.85626878230847,0.8614134962946027
velocity,7.463021229968634,4.790345821325649,7.681977235205976,0.802789003901377
