feature,rmse,mae,mape,r_squared
intensity,599.7573004043752,389.14137334102713,39.16455843083563,0.880777464546888
velocity,5.982929168145351,3.8046739757645702,6.747300174819765,0.8436931680371014
