feature,rmse,mae,mape,r_squared
intensity,694.8495096645612,473.2082882882883,35.598959652575026,0.8759772424826848
velocity,6.968319559081477,4.475315315315315,7.093598945087878,0.8277074149914299
