feature,rmse,mae,mape,r_squared
intensity,717.0771820120941,502.8248120300752,36.84591997633886,0.8845874417020334
velocity,6.6070138170695065,4.387218045112782,6.533319662444302,0.8334340107654908
