feature,rmse,mae,mape,r_squared
intensity,120.61606013406403,63.59547169811321,9.934452080294198,0.9696682194746534
velocity,2.395987211355923,1.2773584905660387,2.4821081663892417,0.9628231576099636
